{
  "test_accuracy": 0.9379,
  "test_loss": 0.5046,
  "epochs_run": 39,
  "class_weights": {
    "0": 1.507936507936508,
    "1": 1.014957264957265,
    "2": 1.3828238719068413,
    "3": 0.6475800954328562,
    "4": 1.7890772128060264,
    "5": 0.8333333333333334,
    "6": 0.6054811982154238,
    "7": 1.7890772128060264,
    "8": 0.7667473769168685,
    "9": 1.7117117117117118,
    "10": 0.797649034424853,
    "11": 1.0281385281385282
  },
  "classification_report": {
    "Black-grass": {
      "precision": 0.723404255319149,
      "recall": 0.6415094339622641,
      "f1-score": 0.68,
      "support": 53.0
    },
    "Charlock": {
      "precision": 1.0,
      "recall": 0.9615384615384616,
      "f1-score": 0.9803921568627451,
      "support": 78.0
    },
    "Cleavers": {
      "precision": 0.8888888888888888,
      "recall": 0.9655172413793104,
      "f1-score": 0.9256198347107438,
      "support": 58.0
    },
    "Common Chickweed": {
      "precision": 0.9916666666666667,
      "recall": 0.9754098360655737,
      "f1-score": 0.9834710743801653,
      "support": 122.0
    },
    "Common wheat": {
      "precision": 0.8431372549019608,
      "recall": 0.9772727272727273,
      "f1-score": 0.9052631578947369,
      "support": 44.0
    },
    "Fat Hen": {
      "precision": 0.9574468085106383,
      "recall": 0.9473684210526315,
      "f1-score": 0.9523809523809523,
      "support": 95.0
    },
    "Loose Silky-bent": {
      "precision": 0.8776978417266187,
      "recall": 0.9312977099236641,
      "f1-score": 0.9037037037037037,
      "support": 131.0
    },
    "Maize": {
      "precision": 1.0,
      "recall": 0.9772727272727273,
      "f1-score": 0.9885057471264368,
      "support": 44.0
    },
    "Scentless Mayweed": {
      "precision": 0.9523809523809523,
      "recall": 0.970873786407767,
      "f1-score": 0.9615384615384616,
      "support": 103.0
    },
    "Shepherds Purse": {
      "precision": 1.0,
      "recall": 0.8478260869565217,
      "f1-score": 0.9176470588235294,
      "support": 46.0
    },
    "Small-flowered Cranesbill": {
      "precision": 0.9896907216494846,
      "recall": 0.9696969696969697,
      "f1-score": 0.9795918367346939,
      "support": 99.0
    },
    "Sugar beet": {
      "precision": 0.961038961038961,
      "recall": 0.961038961038961,
      "f1-score": 0.961038961038961,
      "support": 77.0
    },
    "accuracy": 0.9378947368421052,
    "macro avg": {
      "precision": 0.93211269592361,
      "recall": 0.9272185302139649,
      "f1-score": 0.9282627454329274,
      "support": 950.0
    },
    "weighted avg": {
      "precision": 0.938934565526026,
      "recall": 0.9378947368421052,
      "f1-score": 0.9374705634592456,
      "support": 950.0
    }
  },
  "confusion_matrix": [
    [
      34,
      0,
      0,
      0,
      3,
      0,
      15,
      0,
      0,
      0,
      0,
      1
    ],
    [
      0,
      75,
      2,
      0,
      0,
      0,
      0,
      0,
      0,
      0,
      1,
      0
    ],
    [
      0,
      0,
      56,
      0,
      2,
      0,
      0,
      0,
      0,
      0,
      0,
      0
    ],
    [
      0,
      0,
      0,
      119,
      0,
      2,
      1,
      0,
      0,
      0,
      0,
      0
    ],
    [
      1,
      0,
      0,
      0,
      43,
      0,
      0,
      0,
      0,
      0,
      0,
      0
    ],
    [
      2,
      0,
      1,
      0,
      1,
      90,
      0,
      0,
      0,
      0,
      0,
      1
    ],
    [
      9,
      0,
      0,
      0,
      0,
      0,
      122,
      0,
      0,
      0,
      0,
      0
    ],
    [
      0,
      0,
      0,
      0,
      0,
      0,
      0,
      43,
      0,
      0,
      0,
      1
    ],
    [
      1,
      0,
      2,
      0,
      0,
      0,
      0,
      0,
      100,
      0,
      0,
      0
    ],
    [
      0,
      0,
      1,
      1,
      0,
      0,
      0,
      0,
      5,
      39,
      0,
      0
    ],
    [
      0,
      0,
      1,
      0,
      0,
      1,
      1,
      0,
      0,
      0,
      96,
      0
    ],
    [
      0,
      0,
      0,
      0,
      2,
      1,
      0,
      0,
      0,
      0,
      0,
      74
    ]
  ]
}